horizon_months,forecast_cpi_yoy,best_model,RMSE,MAE,DirAcc
1,3.734,Lasso,0.42923444992850895,0.3009341538517776,0.6557377049180327
2,2.942,Lasso,0.8186135005713321,0.5668580937121197,0.512396694214876
3,3.093,Lasso,1.1177592660000673,0.7321121992707885,0.5416666666666666
