horizon_months,forecast_cpi_yoy,best_model,RMSE,MAE,DirAcc
1,3.43,Linear,0.3321169163135458,0.2397682724856571,0.680327868852459
