horizon,ranker,cutoff,n_feat,model,MSE,RMSE,MAE,DirAcc
1,XGBoost,0.02,10,Linear,0.10678421926100135,0.3267785477368448,0.24147615388142898,0.6885245901639344
2,XGBoost,0.005,28,Avg(Lasso+MLP),0.39920542324198266,0.6318270516858095,0.45803248938728325,0.512396694214876
3,RandomForest,0.01,11,Avg(MLP+XGBoost),0.6375504418236771,0.7984675584040201,0.5562423594313649,0.5333333333333333
